formula,prototype,species,a_expt,TensorNet,TensorNet_pct,M3GNet,M3GNet_pct
Si,diamond,Si,5.431,5.4504,0.36,5.4429,0.22
Ge,diamond,Ge,5.658,5.7589,1.78,5.7337,1.34
GaAs,zincblende,Ga As,5.653,5.7505,1.72,5.7725,2.11
InP,zincblende,In P,5.869,5.9441,1.28,5.9624,1.59
ZnS,zincblende,Zn S,5.42,5.4649,0.83,5.4547,0.64
CdTe,zincblende,Cd Te,6.482,6.6302,2.29,6.6423,2.47
BN,zincblende,B N,3.615,3.6289,0.38,3.6232,0.23
MgO,rocksalt,Mg O,4.212,4.2472,0.84,4.2464,0.82
LiF,rocksalt,Li F,4.03,4.0464,0.41,4.0375,0.19
NaCl,rocksalt,Na Cl,5.64,5.7233,1.48,5.7261,1.53
PbTe,rocksalt,Pb Te,6.462,6.5579,1.48,6.5718,1.7
TiN,rocksalt,Ti N,4.249,4.2579,0.21,4.2379,-0.26
TiC,rocksalt,Ti C,4.328,4.345,0.39,4.3355,0.17
CsCl,cscl,Cs Cl,4.123,4.2134,2.19,4.255,3.2
Al,fcc,Al,4.046,4.0255,-0.51,4.0384,-0.19
Cu,fcc,Cu,3.597,3.646,1.36,3.6342,1.03
Ni,fcc,Ni,3.499,3.5156,0.47,3.5184,0.55
Pt,fcc,Pt,3.912,3.9634,1.31,3.9708,1.5
Au,fcc,Au,4.065,4.1652,2.46,4.1632,2.42
Fe,bcc,Fe,2.856,2.8319,-0.84,2.8388,-0.6
W,bcc,W,3.155,3.1843,0.93,3.184,0.92
Nb,bcc,Nb,3.3008,3.3258,0.76,3.322,0.64
SrTiO3,perovskite,Sr Ti O,3.98805,3.9429,-1.13,3.9442,-1.1
